<?xml version="1.0" encoding="UTF-8"?>
<beans xmlns="http://www.springframework.org/schema/beans"
	xmlns:xsi="http://www.w3.org/2001/XMLSchema-instance" xmlns:context="http://www.springframework.org/schema/context"
	xmlns:util="http://www.springframework.org/schema/util" xmlns:task="http://www.springframework.org/schema/task"
	xsi:schemaLocation="
		http://www.springframework.org/schema/beans  
        http://www.springframework.org/schema/beans/spring-beans-3.0.xsd 
        http://www.springframework.org/schema/context             
        http://www.springframework.org/schema/context/spring-context-3.0.xsd
        http://www.springframework.org/schema/util 
        http://www.springframework.org/schema/util/spring-util-3.0.xsd
        http://www.springframework.org/schema/task 
        http://www.springframework.org/schema/task/spring-task-3.0.xsd">


	<bean
		class="org.springframework.beans.factory.config.PropertyPlaceholderConfigurer">
		<property name="placeholderPrefix" value="jlfu{" />
		<property name="locations">
			<list>
				<value>classpath:java-large-file-uploader.properties</value>
			</list>
		</property>
		<property name="ignoreResourceNotFound" value="true" />
	</bean>

	<context:component-scan base-package="com.am.jlfu" />

	<task:scheduled-tasks scheduler="jlfuScheduler">
		<task:scheduled ref="importedFilesCleaner" method="clean"
			cron="0/30 * * * * ?" />
	</task:scheduled-tasks>

	<task:scheduler id="jlfuScheduler" />

	<task:annotation-driven />


	<bean class="org.springframework.jmx.export.MBeanExporter">
		<property name="assembler" ref="annotationsAssembler" />
		<property name="namingStrategy" ref="namingStrategy" />
		<property name="autodetect" value="true" />
	</bean>

	<bean id="jmxAttributeSource"
		class="org.springframework.jmx.export.annotation.AnnotationJmxAttributeSource" />

	<bean id="namingStrategy"
		class="org.springframework.jmx.export.naming.MetadataNamingStrategy">
		<property name="attributeSource" ref="jmxAttributeSource" />
	</bean>

	<bean id="annotationsAssembler"
		class="org.springframework.jmx.export.assembler.MetadataMBeanInfoAssembler">
		<property name="attributeSource" ref="jmxAttributeSource" />
	</bean>

    <bean id="UploadServlet" class="com.am.jlfu.fileuploader.web.UploadServlet"/>
    <bean id="UploadServletAsync" class="com.am.jlfu.fileuploader.web.UploadServletAsync"/>


</beans>